{
  "chart": {
    "title": "People not using safe drinking water facilities",
    "subtitle": "Safely managed drinking water is defined as an “Improved source located on premises, available when needed, and free from microbiological and priority chemical contamination.”",
    "citation": "WHO/UNICEF Joint Monitoring Programme for Water Supply, Sanitation and Hygiene (JMP) (2024)",
    "originalChartUrl": "https://ourworldindata.org/grapher/number-without-safe-drinking-water?v=1&csvType=full&useColumnShortNames=false",
    "selection": [
      "World",
      "Low-income countries",
      "High-income countries",
      "Lower-middle-income countries",
      "Upper-middle-income countries"
    ]
  },
  "columns": {
    "The totalpopulation not using safely managed drinking water services": {
      "titleShort": "The totalpopulation not using safely managed drinking water services",
      "titleLong": "The totalpopulation not using safely managed drinking water services",
      "descriptionShort": "Safely managed drinking water services are defined as an improved drinking water source that is located on premises, available when needed and free from faecal and priority chemical contamination.\n",
      "unit": "people",
      "timespan": "2000-2022",
      "type": "Numeric",
      "owidVariableId": 820223,
      "shortName": "wat_sm_pop_without__residence_total",
      "lastUpdated": "2024-01-06",
      "nextUpdate": "2026-01-05",
      "citationShort": "WHO/UNICEF Joint Monitoring Programme for Water Supply, Sanitation and Hygiene (JMP) (2024) – with major processing by Our World in Data",
      "citationLong": "WHO/UNICEF Joint Monitoring Programme for Water Supply, Sanitation and Hygiene (JMP) (2024) – with major processing by Our World in Data. “The totalpopulation not using safely managed drinking water services” [dataset]. WHO/UNICEF Joint Monitoring Programme for Water Supply, Sanitation and Hygiene (JMP), “WHO/UNICEF Joint Monitoring Programme for Water Supply, Sanitation and  Hygiene (JMP) - Households”; WHO/UNICEF Joint Monitoring Programme for Water Supply, Sanitation and Hygiene (JMP), “WHO/UNICEF Joint Monitoring Programme for Water Supply, Sanitation and  Hygiene (JMP) - Households - Regions” [original data].",
      "fullMetadata": "https://api.ourworldindata.org/v1/indicators/820223.metadata.json"
    }
  },
  "dateDownloaded": "2025-12-02",
  "activeFilters": {}
}