{
  "chart": {
    "title": "Exposure to particulate matter air pollution",
    "subtitle": "Population-weighted average level of exposure to concentrations of suspended particles measuring less than 2.5 microns in diameter (PM2.5). Exposure is measured in micrograms of PM2.5 per cubic meter (µg/m³).",
    "note": "The [WHO's Air Quality Guidelines](#dod:who-air-quality-guidelines) suggest annual average PM2.5 exposure should be less than 5 µg/m³ in order to minimize the impacts of PM2.5  on human health.",
    "citation": "World Health Organization - Global Health Observatory (2025)",
    "originalChartUrl": "https://ourworldindata.org/grapher/pm25-air-pollution?v=1&csvType=full&useColumnShortNames=false",
    "selection": [
      "India",
      "China",
      "United Kingdom",
      "Kenya",
      "United States",
      "Brazil",
      "World"
    ]
  },
  "columns": {
    "Concentrations of fine particulate matter (PM2.5) - Residence area type: Total": {
      "titleShort": "Concentrations of fine particulate matter (PM2.5) - Residence area type: Total",
      "titleLong": "Concentrations of fine particulate matter (PM2.5) - Residence area type: Total",
      "descriptionShort": "The mean annual concentration of fine suspended particles of less than 2.5 microns in diameters is a common measure of air pollution. The mean is a population-weighted average for urban population in a country.",
      "unit": "",
      "timespan": "2010-2019",
      "type": "Numeric",
      "owidVariableId": 1044946,
      "shortName": "concentrations_of_fine_particulate_matter__pm2_5__residence_area_type_total",
      "lastUpdated": "2025-05-19",
      "nextUpdate": "2026-05-19",
      "citationShort": "World Health Organization - Global Health Observatory (2025) – processed by Our World in Data",
      "citationLong": "World Health Organization - Global Health Observatory (2025) – processed by Our World in Data. “Concentrations of fine particulate matter (PM2.5) - Residence area type: Total” [dataset]. World Health Organization, “Global Health Observatory” [original data].",
      "fullMetadata": "https://api.ourworldindata.org/v1/indicators/1044946.metadata.json"
    }
  },
  "dateDownloaded": "2025-12-02",
  "activeFilters": {}
}