{
  "chart": {
    "title": "Consumption of ozone-depleting substances",
    "subtitle": "Ozone-depleting substances (ODS) are measured in units of [ODP tonnes](#dod:odp_tonnes), which is the amount of ODS consumed multiplied by their ozone-depleting potential.",
    "citation": "UN Environment Programme (2023)",
    "originalChartUrl": "https://ourworldindata.org/grapher/consumption-of-ozone-depleting-substances?v=1&csvType=full&useColumnShortNames=false",
    "selection": [
      "United States",
      "China",
      "Australia",
      "India",
      "Russia"
    ]
  },
  "columns": {
    "Consumption of controlled substance (zero-filled) - Chemical: All (Ozone-depleting)": {
      "titleShort": "Consumption of controlled substance (zero-filled) - Chemical: All (Ozone-depleting)",
      "titleLong": "Consumption of controlled substance (zero-filled) - Chemical: All (Ozone-depleting)",
      "shortUnit": "tonnes",
      "unit": "ODP tonnes",
      "timespan": "1986-2022",
      "type": "Numeric",
      "owidVariableId": 577023,
      "shortName": "consumption_zf__chemical_all__ozone_depleting",
      "lastUpdated": "2023-03-17",
      "citationShort": " – processed by Our World in Data",
      "citationLong": " – processed by Our World in Data. “Consumption of controlled substance (zero-filled) - Chemical: All (Ozone-depleting)” [dataset]. UN Environment Programme (2023) [original data].",
      "fullMetadata": "https://api.ourworldindata.org/v1/indicators/577023.metadata.json"
    }
  },
  "dateDownloaded": "2025-12-02",
  "activeFilters": {}
}