{
  "chart": {
    "title": "Share of population with improved sanitation vs. GDP per capita",
    "subtitle": "[Improved sanitation facilities](#dod:improved-sanitation) are designed to ensure hygienic separation of human excreta from human contact. GDP per capita is adjusted for inflation and differences in living costs between countries.",
    "note": "GDP per capita is expressed in [international-$](#dod:int_dollar_abbreviation) at 2021 prices.",
    "citation": "WHO/UNICEF Joint Monitoring Programme for Water Supply, Sanitation and Hygiene (JMP) (2024); Eurostat, OECD, IMF, and World Bank (2025)",
    "originalChartUrl": "https://ourworldindata.org/grapher/improved-sanitation-facilities-vs-gdp-per-capita?v=1&csvType=full&useColumnShortNames=false",
    "selection": []
  },
  "columns": {
    "Share of the population using improved sanitation facilities": {
      "titleShort": "Usage of improved sanitation facilities",
      "titleLong": "Usage of improved sanitation facilities",
      "descriptionShort": "Improved sanitation facilities are those designed to hygienically separate excreta from human contact, and include: flush/pour flush toilets connected to piped sewer systems, septic tanks or pit latrines; pit latrines with slabs (including ventilated pit latrines), and composting toilets.\n",
      "shortUnit": "%",
      "unit": "%",
      "timespan": "2000-2022",
      "type": "Numeric",
      "owidVariableId": 820174,
      "shortName": "san_imp__residence_total",
      "lastUpdated": "2024-01-06",
      "nextUpdate": "2026-01-05",
      "citationShort": "WHO/UNICEF Joint Monitoring Programme for Water Supply, Sanitation and Hygiene (JMP) (2024) – with major processing by Our World in Data",
      "citationLong": "WHO/UNICEF Joint Monitoring Programme for Water Supply, Sanitation and Hygiene (JMP) (2024) – with major processing by Our World in Data. “Usage of improved sanitation facilities” [dataset]. WHO/UNICEF Joint Monitoring Programme for Water Supply, Sanitation and Hygiene (JMP), “WHO/UNICEF Joint Monitoring Programme for Water Supply, Sanitation and  Hygiene (JMP) - Households”; WHO/UNICEF Joint Monitoring Programme for Water Supply, Sanitation and Hygiene (JMP), “WHO/UNICEF Joint Monitoring Programme for Water Supply, Sanitation and  Hygiene (JMP) - Households - Regions” [original data].",
      "fullMetadata": "https://api.ourworldindata.org/v1/indicators/820174.metadata.json"
    },
    "GDP per capita, PPP (constant 2021 international $)": {
      "titleShort": "GDP per capita",
      "titleLong": "GDP per capita - World Bank – In constant international-$",
      "descriptionShort": "Average economic output per person in a country or region per year. This data is adjusted for inflation and differences in living costs between countries.",
      "descriptionKey": [
        "GDP per capita is a comprehensive measure of people's average income. It helps compare income levels across countries and track how they change over time. It is especially useful for understanding trends in economic growth and living standards.",
        "GDP per capita is calculated as the value of all final goods and services produced each year in a country (the [gross domestic product](#dod:gdp)), divided by the population. It represents the average economic output per person.",
        "This indicator shows the large inequality between people in different countries. In the poorest countries, average incomes are below $1,000 per year; in rich countries, they are more than 50 times higher.",
        "This data is expressed in constant international dollars to adjust for inflation and differences in living costs between countries. Read more in our article, [What are international dollars?](https://ourworldindata.org/international-dollars)",
        "This data comes from the World Bank and starts in 1990. For estimates going back several centuries, explore our chart of GDP per capita from the [Maddison Project Database](https://ourworldindata.org/grapher/gdp-per-capita-maddison-project-database)."
      ],
      "shortUnit": "$",
      "unit": "international-$ in 2021 prices",
      "timespan": "1990-2024",
      "type": "Numeric",
      "owidVariableId": 1107059,
      "shortName": "ny_gdp_pcap_pp_kd",
      "lastUpdated": "2025-09-08",
      "nextUpdate": "2026-09-08",
      "citationShort": "Eurostat, OECD, IMF, and World Bank (2025) – with minor processing by Our World in Data",
      "citationLong": "Eurostat, OECD, IMF, and World Bank (2025) – with minor processing by Our World in Data. “GDP per capita – World Bank – In constant international-$” [dataset]. Eurostat, OECD, IMF, and World Bank, “World Development Indicators 122” [original data].",
      "fullMetadata": "https://api.ourworldindata.org/v1/indicators/1107059.metadata.json"
    },
    "World regions according to OWID": {
      "titleShort": "World regions according to OWID",
      "titleLong": "World regions according to OWID",
      "descriptionShort": "Regions defined by Our World in Data, which are used in OWID charts and maps.",
      "unit": "",
      "timespan": "2023-2023",
      "type": "Continent",
      "owidVariableId": 900801,
      "shortName": "owid_region",
      "lastUpdated": "2023-01-01",
      "citationShort": "Our World in Data – processed by Our World in Data",
      "citationLong": "Our World in Data – processed by Our World in Data. “World regions according to OWID” [dataset]. Our World in Data, “Regions” [original data].",
      "fullMetadata": "https://api.ourworldindata.org/v1/indicators/900801.metadata.json"
    }
  },
  "dateDownloaded": "2025-12-02",
  "activeFilters": {}
}