{
  "chart": {
    "title": "Land use over the long-term",
    "subtitle": "Total land area used for cropland, grazing land and built-up areas (villages, cities, towns and human infrastructure).",
    "citation": "HYDE (2023)",
    "originalChartUrl": "https://ourworldindata.org/grapher/land-use-over-the-long-term?v=1&csvType=full&useColumnShortNames=false",
    "selection": [
      "World"
    ]
  },
  "columns": {
    "Land use: Built-up area": {
      "titleShort": "Built-up Area",
      "titleLong": "Built-up Area",
      "descriptionShort": "Total built-up area of a country over time.",
      "descriptionKey": [
        "Built-up areas are computed by dividing total urban population in a country at a given year by the average urban densities in a country at that year.",
        "The order of allocation is as follows: first, we allocate cropland, then rice, then irrigation and finally grazing land."
      ],
      "shortUnit": "km²",
      "unit": "km² per grid cell",
      "timespan": "-10000-2023",
      "type": "Numeric",
      "conversionFactor": 100,
      "owidVariableId": 819328,
      "shortName": "uopp_c",
      "lastUpdated": "2024-01-02",
      "nextUpdate": "2029-06-24",
      "citationShort": "HYDE (2023) – with minor processing by Our World in Data",
      "citationLong": "HYDE (2023) – with minor processing by Our World in Data. “Built-up Area” [dataset]. PBL Netherlands Environmental Assessment Agency, “History Database of the Global Environment 3.3” [original data].",
      "fullMetadata": "https://api.ourworldindata.org/v1/indicators/819328.metadata.json"
    },
    "Land use: Grazingland": {
      "titleShort": "Grazing",
      "titleLong": "Grazing",
      "descriptionShort": "Total grazingland area for each separate country over time.",
      "descriptionKey": [
        "'Grazingland' is equivalent to the FAO category of 'permanent meadows and pastures'.",
        "The order of allocation is as follows: first, we allocate cropland, then rice, then irrigation and finally grazing land."
      ],
      "shortUnit": "ha",
      "unit": "hectares",
      "timespan": "-10000-2023",
      "type": "Numeric",
      "owidVariableId": 819334,
      "shortName": "grazing_c",
      "lastUpdated": "2024-01-02",
      "nextUpdate": "2029-06-24",
      "citationShort": "HYDE (2023) – with minor processing by Our World in Data",
      "citationLong": "HYDE (2023) – with minor processing by Our World in Data. “Grazing” [dataset]. PBL Netherlands Environmental Assessment Agency, “History Database of the Global Environment 3.3” [original data].",
      "fullMetadata": "https://api.ourworldindata.org/v1/indicators/819334.metadata.json"
    },
    "Land use: Cropland": {
      "titleShort": "Cropland",
      "titleLong": "Cropland",
      "descriptionShort": "Total cropland area for each separate country over time.",
      "descriptionKey": [
        "'Cropland' here is equivalent to the FAO category of 'arable land and permanent crops'.",
        "The order of allocation is as follows: first, we allocate cropland, then rice, then irrigation and finally grazing land."
      ],
      "shortUnit": "ha",
      "unit": "hectares",
      "timespan": "-10000-2023",
      "type": "Numeric",
      "owidVariableId": 819339,
      "shortName": "cropland_c",
      "lastUpdated": "2024-01-02",
      "nextUpdate": "2029-06-24",
      "citationShort": "HYDE (2023) – with minor processing by Our World in Data",
      "citationLong": "HYDE (2023) – with minor processing by Our World in Data. “Cropland” [dataset]. PBL Netherlands Environmental Assessment Agency, “History Database of the Global Environment 3.3” [original data].",
      "fullMetadata": "https://api.ourworldindata.org/v1/indicators/819339.metadata.json"
    }
  },
  "dateDownloaded": "2025-12-02",
  "activeFilters": {}
}