{
  "chart": {
    "title": "Number of people without access to electricity",
    "subtitle": "Having access to electricity is defined in international statistics as having an electricity source that can provide very basic lighting, and charge a phone or power a radio for 4 hours per day.",
    "citation": "Data compiled from multiple sources by World Bank",
    "originalChartUrl": "https://ourworldindata.org/grapher/people-without-electricity-country?v=1&csvType=full&useColumnShortNames=false",
    "selection": [
      "India",
      "Nigeria",
      "South Africa",
      "Brazil",
      "Democratic Republic of Congo"
    ]
  },
  "columns": {
    "Access to electricity (number of people without access)": {
      "titleShort": "Number of people without access to electricity",
      "titleLong": "Number of people without access to electricity - World Bank",
      "descriptionShort": "Access to electricity means having an electricity source that can provide very basic lighting, and charge a phone or power a radio for 4 hours per day.",
      "descriptionProcessing": "We calculated the number of people without access to electricity by multiplying the fraction of the population without access by the total population.",
      "shortUnit": "",
      "unit": "people",
      "timespan": "1990-2023",
      "type": "Numeric",
      "owidVariableId": 1107860,
      "shortName": "eg_elc_accs_zs_without_number",
      "lastUpdated": "2025-09-08",
      "nextUpdate": "2026-09-08",
      "citationShort": "Data compiled from multiple sources by World Bank – with major processing by Our World in Data",
      "citationLong": "Data compiled from multiple sources by World Bank – with major processing by Our World in Data. “Number of people without access to electricity – World Bank” [dataset]. SDG 7.1.1 Electrification Dataset - World Bank, “World Development Indicators 122”; United Nations Population Division, Eurostat, national statistical offices, and United Nations Statistics Division, via World Bank, “World Development Indicators 122” [original data].",
      "fullMetadata": "https://api.ourworldindata.org/v1/indicators/1107860.metadata.json"
    }
  },
  "dateDownloaded": "2025-12-02",
  "activeFilters": {}
}