{
  "chart": {
    "title": "Share of the population not using improved sanitation",
    "subtitle": "Improved sanitation facilities are designed to hygienically separate excreta from human contact. They include flush to the piped sewer system, septic tanks or pit latrines; ventilated improved pit latrines, composting toilets or pit latrines with slabs.",
    "citation": "WHO/UNICEF Joint Monitoring Programme for Water Supply, Sanitation and Hygiene (JMP) (2024)",
    "originalChartUrl": "https://ourworldindata.org/grapher/share-without-improved-sanitation?v=1&csvType=full&useColumnShortNames=false",
    "selection": [
      "World",
      "Low income",
      "High income",
      "Lower-middle income",
      "Upper-middle income"
    ]
  },
  "columns": {
    "Share of the population not using improved sanitation facilities": {
      "titleShort": "Share of the population not using improved sanitation facilities",
      "titleLong": "Share of the population not using improved sanitation facilities",
      "descriptionShort": "Improved sanitation facilities are those designed to hygienically separate excreta from human contact, and include: flush/pour flush toilets connected to piped sewer systems, septic tanks or pit latrines; pit latrines with slabs (including ventilated pit latrines), and composting toilets.\n",
      "shortUnit": "%",
      "unit": "%",
      "timespan": "2000-2022",
      "type": "Numeric",
      "owidVariableId": 820224,
      "shortName": "san_imp_without__residence_total",
      "lastUpdated": "2024-01-06",
      "nextUpdate": "2026-01-05",
      "citationShort": "WHO/UNICEF Joint Monitoring Programme for Water Supply, Sanitation and Hygiene (JMP) (2024) – with major processing by Our World in Data",
      "citationLong": "WHO/UNICEF Joint Monitoring Programme for Water Supply, Sanitation and Hygiene (JMP) (2024) – with major processing by Our World in Data. “Share of the population not using improved sanitation facilities” [dataset]. WHO/UNICEF Joint Monitoring Programme for Water Supply, Sanitation and Hygiene (JMP), “WHO/UNICEF Joint Monitoring Programme for Water Supply, Sanitation and  Hygiene (JMP) - Households”; WHO/UNICEF Joint Monitoring Programme for Water Supply, Sanitation and Hygiene (JMP), “WHO/UNICEF Joint Monitoring Programme for Water Supply, Sanitation and  Hygiene (JMP) - Households - Regions” [original data].",
      "fullMetadata": "https://api.ourworldindata.org/v1/indicators/820224.metadata.json"
    }
  },
  "dateDownloaded": "2025-12-02",
  "activeFilters": {}
}