{
  "chart": {
    "title": "Mismanaged plastic waste",
    "subtitle": "Mismanaged plastic waste is waste that is not recycled, incinerated, or kept in sealed landfills. It includes materials burned in open pits, dumped into seas or open waters, or disposed of in unsanitary landfills and dumpsites.",
    "citation": "Meijer et al. (2021)",
    "originalChartUrl": "https://ourworldindata.org/grapher/plastic-waste-mismanaged?v=1&csvType=full&useColumnShortNames=false",
    "selection": [
      "China",
      "India",
      "United States",
      "United Kingdom",
      "EU-27",
      "Brazil",
      "South Africa"
    ]
  },
  "columns": {
    "Mismanaged plastic waste (metric tons year-1)": {
      "titleShort": "Mismanaged plastic waste",
      "titleLong": "Mismanaged plastic waste",
      "unit": "",
      "timespan": "",
      "type": "Integer",
      "owidVariableId": 146456,
      "citationShort": " – processed by Our World in Data",
      "citationLong": " – processed by Our World in Data. “Mismanaged plastic waste” [dataset]. Meijer et al. (2021). More than 1000 rivers account for 80% of global riverine plastic emissions into the ocean. Science Advances. [original data].",
      "fullMetadata": "https://api.ourworldindata.org/v1/indicators/146456.metadata.json"
    }
  },
  "dateDownloaded": "2025-12-02",
  "activeFilters": {}
}